{
  "schema_version": 1,
  "final_metrics": {
    "run_id": "sn60-challenge-20260721T165432Z-3c9b17-pr-169",
    "promotion_ready": true,
    "promotion_reason": "candidate beat the current SN60 king",
    "validator_replica_count": 1,
    "runs_per_project": 3,
    "project_pass_threshold": "2_of_3",
    "king_sn60_pass_score": 0.0,
    "candidate_sn60_pass_score": 0.14285714285714285,
    "candidate_sn60_pass_score_delta": 0.14285714285714285,
    "king_detection_score": 0.043478260869565216,
    "candidate_detection_score": 0.043478260869565216,
    "king_aggregated_score": 0.043478260869565216,
    "candidate_aggregated_score": 0.043478260869565216,
    "candidate_aggregated_score_delta": 0.0,
    "king_true_positives": 1,
    "candidate_true_positives": 1,
    "king_total_expected": 23,
    "candidate_total_expected": 23,
    "king_total_found": 27,
    "candidate_total_found": 5,
    "king_precision": 0.037037037037037035,
    "candidate_precision": 0.2,
    "king_f1_score": 0.039999999999999994,
    "candidate_f1_score": 0.07142857142857142,
    "king_invalid_runs": 0,
    "candidate_invalid_runs": 0,
    "sandbox_commit": "069ae1e2f152370fa97f3397d8a8f8aed5a78539",
    "benchmark_sha256": "2b0c8b0251d92c36ca341be7168bf1e5660d2ea8da99f99298cae3e3dcdf4855",
    "scorer_version": "ScaBenchScorerV2"
  },
  "local_replica_scores": {
    "king": [
      0.0,
      0.0,
      0.0,
      0.0,
      0.0,
      0.0,
      0.25,
      0.25,
      0.25,
      0.0,
      0.0,
      0.0,
      0.0,
      0.0,
      0.0,
      0.0,
      0.0,
      0.0,
      0.0,
      0.0,
      0.0
    ],
    "candidate": [
      0.0,
      0.0,
      0.0,
      0.0,
      0.0,
      0.0,
      0.0,
      0.0,
      0.0,
      1.0,
      1.0,
      1.0,
      0.0,
      0.0,
      0.0,
      0.0,
      0.0,
      0.0,
      0.0,
      0.0,
      0.0
    ]
  },
  "pass_counts": {
    "king": 0,
    "candidate": 1
  },
  "true_positives": {
    "king": 1,
    "candidate": 1
  },
  "invalid_runs": {
    "king": 0,
    "candidate": 0
  },
  "final_winner": "candidate",
  "recorded_at": "2026-07-21T17:41:20.056406+00:00"
}
